T,candidate_id,final_fidelity,error,elapsed_s
8.0,alpha_0.45_T8p0,0.44123294949531555,,1.3283469676971436
8.0,alpha_0.52_T8p0,0.4813539385795593,,0.8928263187408447
8.0,alpha_0.6_T8p0,0.5279958248138428,,0.8294389247894287
8.0,alpha_0.7_T8p0,0.5869836807250977,,0.8704319000244141
8.0,alpha_0.85_T8p0,0.6756689548492432,,0.824005126953125
8.0,alpha_1.0_T8p0,0.7624613046646118,,0.862464189529419
8.0,alpha_1.04_T8p0,0.7848197221755981,,0.8416080474853516
8.0,smooth_varY_-0.12_T8p0,0.16360723972320557,,0.839339017868042
8.0,smooth_varY_-0.08_T8p0,0.1826823353767395,,0.7904467582702637
8.0,smooth_varY_-0.04_T8p0,0.20008723437786102,,0.7258391380310059
8.0,smooth_varY_0.04_T8p0,0.22754156589508057,,0.7857768535614014
8.0,smooth_varY_0.08_T8p0,0.2365126609802246,,0.8536927700042725
8.0,smooth_varY_0.12_T8p0,0.2418137490749359,,0.7757189273834229
8.0,smooth_varY_0.16_T8p0,0.2434123307466507,,0.801872968673706
8.0,pw_rand_0_T8p0,0.4879918396472931,,0.7626128196716309
8.0,pw_rand_1_T8p0,0.48515236377716064,,0.9143240451812744
8.0,pw_rand_2_T8p0,0.7156727313995361,,0.7788960933685303
8.0,pw_rand_3_T8p0,0.40565377473831177,,0.7784609794616699
8.0,pw_rand_4_T8p0,0.3329777717590332,,0.7107608318328857
8.0,pw_rand_5_T8p0,0.5940333604812622,,0.925767183303833
8.0,pw_rand_6_T8p0,0.3398902118206024,,0.9209771156311035
8.0,pw_rand_7_T8p0,0.1491079032421112,,0.881378173828125
8.0,pw_rand_8_T8p0,0.2971450686454773,,0.8766369819641113
8.0,pw_rand_9_T8p0,0.7193475961685181,,0.8495008945465088
8.0,pw_rand_10_T8p0,0.4605868458747864,,0.7865762710571289
8.0,pw_rand_11_T8p0,0.2957931458950043,,0.9600110054016113
8.0,pw_rand_12_T8p0,0.11504559218883514,,0.8184168338775635
8.0,pw_rand_13_T8p0,0.3756284713745117,,0.811007022857666
8.0,pw_rand_14_T8p0,0.36309683322906494,,0.8113038539886475
8.0,pw_rand_15_T8p0,0.3396523594856262,,0.7759361267089844
8.0,pw_rand_16_T8p0,0.6015543937683105,,0.8953220844268799
8.0,pw_rand_17_T8p0,0.08031883835792542,,0.9671769142150879
8.0,pw_rand_18_T8p0,0.3200682997703552,,0.8226771354675293
8.0,pw_rand_19_T8p0,0.6038706302642822,,0.7543768882751465
8.0,pw_rand_20_T8p0,0.09678046405315399,,0.7908642292022705
8.0,pw_rand_21_T8p0,0.33226507902145386,,0.8186278343200684
8.0,pw_rand_22_T8p0,0.31481093168258667,,0.7306299209594727
8.0,pw_rand_23_T8p0,0.38697654008865356,,0.7241122722625732
8.0,pw_rand_24_T8p0,0.3869938254356384,,1.0815839767456055
8.0,pw_rand_25_T8p0,0.6303704977035522,,0.7215690612792969
8.0,pw_rand_26_T8p0,0.36416804790496826,,0.8408091068267822
8.0,pw_rand_27_T8p0,0.5005149245262146,,0.8508591651916504
8.0,pw_rand_28_T8p0,0.6710772514343262,,0.7658040523529053
8.0,pw_rand_29_T8p0,0.17342998087406158,,0.8176860809326172
8.0,pw_rand_30_T8p0,0.12835410237312317,,0.901972770690918
8.0,pw_rand_31_T8p0,0.31263667345046997,,0.7717487812042236
8.0,pw_rand_32_T8p0,0.3026520609855652,,1.1029081344604492
8.0,pw_rand_33_T8p0,0.40314996242523193,,0.8200068473815918
8.0,pw_rand_34_T8p0,0.5189231634140015,,0.888153076171875
8.0,pw_rand_35_T8p0,0.4111945629119873,,0.7459149360656738
8.0,pw_rand_36_T8p0,0.35199928283691406,,0.8503971099853516
8.0,pw_rand_37_T8p0,0.4926597476005554,,0.7879610061645508
8.0,pw_rand_38_T8p0,0.5030028223991394,,0.7242708206176758
8.0,pw_rand_39_T8p0,0.4641037881374359,,0.7635746002197266
8.0,pw_rand_40_T8p0,0.21765246987342834,,0.7222189903259277
8.0,pw_rand_41_T8p0,0.16860519349575043,,1.0871427059173584
8.0,pw_rand_42_T8p0,0.39414095878601074,,0.7102010250091553
8.0,pw_rand_43_T8p0,0.259587824344635,,0.8219771385192871
8.0,pw_rand_44_T8p0,0.20548778772354126,,0.7697348594665527
8.0,pw_rand_45_T8p0,0.33206209540367126,,0.7760016918182373
8.0,pw_rand_46_T8p0,0.13599494099617004,,0.7525701522827148
8.0,pw_rand_47_T8p0,0.4641121029853821,,0.7819969654083252
10.0,alpha_0.45_T10p0,0.6076259613037109,,0.835378885269165
10.0,alpha_0.52_T10p0,0.6487374305725098,,0.8348727226257324
10.0,alpha_0.6_T10p0,0.6967350840568542,,0.8245630264282227
10.0,alpha_0.7_T10p0,0.7562998533248901,,1.2004170417785645
10.0,alpha_0.85_T10p0,0.8386422395706177,,0.8084838390350342
10.0,alpha_1.0_T10p0,0.9026690721511841,,0.831672191619873
10.0,alpha_1.04_T10p0,0.915160059928894,,0.8810627460479736
10.0,smooth_varY_-0.12_T10p0,0.3977360725402832,,0.7474009990692139
10.0,smooth_varY_-0.08_T10p0,0.396333783864975,,0.7231569290161133
10.0,smooth_varY_-0.04_T10p0,0.40077972412109375,,0.7358288764953613
10.0,smooth_varY_0.04_T10p0,0.4230603575706482,,0.747697114944458
10.0,smooth_varY_0.08_T10p0,0.4397581219673157,,0.7325928211212158
10.0,smooth_varY_0.12_T10p0,0.4599549174308777,,0.7466840744018555
10.0,smooth_varY_0.16_T10p0,0.4836731553077698,,0.7409138679504395
10.0,pw_rand_0_T10p0,0.4471389055252075,,1.1943542957305908
10.0,pw_rand_1_T10p0,0.2837437093257904,,0.8285729885101318
10.0,pw_rand_2_T10p0,0.48903292417526245,,0.7165770530700684
10.0,pw_rand_3_T10p0,0.10566894710063934,,0.805391788482666
10.0,pw_rand_4_T10p0,0.31414100527763367,,0.7649571895599365
10.0,pw_rand_5_T10p0,0.22278091311454773,,0.722679853439331
10.0,pw_rand_6_T10p0,0.45441001653671265,,0.7409508228302002
10.0,pw_rand_7_T10p0,0.23512151837348938,,0.7522659301757812
10.0,pw_rand_8_T10p0,0.14937913417816162,,0.7854328155517578
10.0,pw_rand_9_T10p0,0.5398156642913818,,0.8618459701538086
10.0,pw_rand_10_T10p0,0.41823965311050415,,0.7652950286865234
10.0,pw_rand_11_T10p0,0.5893568396568298,,0.806333065032959
10.0,pw_rand_12_T10p0,0.03163610398769379,,1.2108211517333984
10.0,pw_rand_13_T10p0,0.2926649749279022,,0.8136420249938965
10.0,pw_rand_14_T10p0,0.5676027536392212,,0.9083411693572998
10.0,pw_rand_15_T10p0,0.23671969771385193,,0.7552800178527832
10.0,pw_rand_16_T10p0,0.20230633020401,,0.791679859161377
10.0,pw_rand_17_T10p0,0.5348689556121826,,0.7226970195770264
10.0,pw_rand_18_T10p0,0.2498212307691574,,0.7929418087005615
10.0,pw_rand_19_T10p0,0.2503409683704376,,0.7523977756500244
10.0,pw_rand_20_T10p0,0.5388504266738892,,0.7711498737335205
10.0,pw_rand_21_T10p0,0.3685011863708496,,0.8166780471801758
10.0,pw_rand_22_T10p0,0.2823609709739685,,0.8120980262756348
10.0,pw_rand_23_T10p0,0.557432234287262,,0.7412779331207275
10.0,pw_rand_24_T10p0,0.24842418730258942,,0.7930200099945068
10.0,pw_rand_25_T10p0,0.3887348771095276,,0.7909400463104248
10.0,pw_rand_26_T10p0,0.4559726119041443,,1.3023219108581543
10.0,pw_rand_27_T10p0,0.10156817734241486,,0.764599084854126
10.0,pw_rand_28_T10p0,0.06428418308496475,,0.7460649013519287
10.0,pw_rand_29_T10p0,0.4349523186683655,,0.8223841190338135
10.0,pw_rand_30_T10p0,0.11570354551076889,,0.7282161712646484
10.0,pw_rand_31_T10p0,0.8836878538131714,,0.7760787010192871
10.0,pw_rand_32_T10p0,0.6594608426094055,,0.7481780052185059
10.0,pw_rand_33_T10p0,0.24692188203334808,,0.7665889263153076
10.0,pw_rand_34_T10p0,0.24107971787452698,,0.7179269790649414
10.0,pw_rand_35_T10p0,0.4987438917160034,,0.7346391677856445
10.0,pw_rand_36_T10p0,0.5159844160079956,,0.793550968170166
10.0,pw_rand_37_T10p0,0.22292618453502655,,0.7862329483032227
10.0,pw_rand_38_T10p0,0.24855908751487732,,0.753432035446167
10.0,pw_rand_39_T10p0,0.2659100890159607,,0.7266547679901123
10.0,pw_rand_40_T10p0,0.6135591268539429,,0.7893610000610352
10.0,pw_rand_41_T10p0,0.4149785041809082,,0.7737290859222412
10.0,pw_rand_42_T10p0,0.26447218656539917,,1.4036707878112793
10.0,pw_rand_43_T10p0,0.5138157606124878,,0.8623321056365967
10.0,pw_rand_44_T10p0,0.394218772649765,,0.8332560062408447
10.0,pw_rand_45_T10p0,0.32833704352378845,,0.778933048248291
10.0,pw_rand_46_T10p0,0.24893248081207275,,0.7259001731872559
10.0,pw_rand_47_T10p0,0.4000875651836395,,0.8511669635772705
12.0,alpha_0.45_T12p0,0.9115734100341797,,0.8801658153533936
12.0,alpha_0.52_T12p0,0.9145050048828125,,0.8673229217529297
12.0,alpha_0.6_T12p0,0.9149326086044312,,0.8554790019989014
12.0,alpha_0.7_T12p0,0.9105827808380127,,0.8952958583831787
12.0,alpha_0.85_T12p0,0.8924970030784607,,0.8143091201782227
12.0,alpha_1.0_T12p0,0.8591732978820801,,0.8224139213562012
12.0,alpha_1.04_T12p0,0.8476907014846802,,0.9059638977050781
12.0,smooth_varY_-0.12_T12p0,0.8698889017105103,,0.7695779800415039
12.0,smooth_varY_-0.08_T12p0,0.8620254397392273,,0.7874791622161865
12.0,smooth_varY_-0.04_T12p0,0.8530853390693665,,0.7799410820007324
12.0,smooth_varY_0.04_T12p0,0.835395097732544,,0.7632479667663574
12.0,smooth_varY_0.08_T12p0,0.8276864290237427,,1.4320240020751953
12.0,smooth_varY_0.12_T12p0,0.8210461735725403,,0.8030309677124023
12.0,smooth_varY_0.16_T12p0,0.8152587413787842,,0.7958931922912598
12.0,pw_rand_0_T12p0,0.09073615074157715,,0.81923508644104
12.0,pw_rand_1_T12p0,0.6387524008750916,,0.8204519748687744
12.0,pw_rand_2_T12p0,0.9043161869049072,,0.8195610046386719
12.0,pw_rand_3_T12p0,0.24805006384849548,,0.7722780704498291
12.0,pw_rand_4_T12p0,0.23528161644935608,,0.8196690082550049
12.0,pw_rand_5_T12p0,0.11700699478387833,,0.7875890731811523
12.0,pw_rand_6_T12p0,0.3407619595527649,,0.8215749263763428
12.0,pw_rand_7_T12p0,0.013695583678781986,,0.7829523086547852
12.0,pw_rand_8_T12p0,0.5228070020675659,,0.75913405418396
12.0,pw_rand_9_T12p0,0.3949143886566162,,0.79341721534729
12.0,pw_rand_10_T12p0,0.4731878638267517,,0.8246588706970215
12.0,pw_rand_11_T12p0,0.3634173274040222,,0.771557092666626
12.0,pw_rand_12_T12p0,0.13416093587875366,,0.7440288066864014
12.0,pw_rand_13_T12p0,0.635333776473999,,0.696897029876709
12.0,pw_rand_14_T12p0,0.3024163246154785,,0.7842602729797363
12.0,pw_rand_15_T12p0,0.2972893714904785,,0.8546721935272217
12.0,pw_rand_16_T12p0,0.24366611242294312,,1.604867696762085
12.0,pw_rand_17_T12p0,0.5690781474113464,,0.7518730163574219
12.0,pw_rand_18_T12p0,0.643170952796936,,0.8113458156585693
12.0,pw_rand_19_T12p0,0.6998283863067627,,0.8619651794433594
12.0,pw_rand_20_T12p0,0.7812875509262085,,0.8871181011199951
12.0,pw_rand_21_T12p0,0.2586876451969147,,0.8467128276824951
12.0,pw_rand_22_T12p0,0.43329694867134094,,0.8251001834869385
12.0,pw_rand_23_T12p0,0.462920606136322,,0.8236351013183594
12.0,pw_rand_24_T12p0,0.42179417610168457,,0.754817008972168
12.0,pw_rand_25_T12p0,0.22093528509140015,,0.9128820896148682
12.0,pw_rand_26_T12p0,0.7288956642150879,,0.820030927658081
12.0,pw_rand_27_T12p0,0.40209996700286865,,0.8580021858215332
12.0,pw_rand_28_T12p0,0.5458057522773743,,0.8775496482849121
12.0,pw_rand_29_T12p0,0.3786758780479431,,0.8141500949859619
12.0,pw_rand_30_T12p0,0.2319246232509613,,0.8607962131500244
12.0,pw_rand_31_T12p0,0.0022158725187182426,,0.831517219543457
12.0,pw_rand_32_T12p0,0.22440341114997864,,0.8727188110351562
12.0,pw_rand_33_T12p0,0.36665040254592896,,0.7767910957336426
12.0,pw_rand_34_T12p0,0.2057221233844757,,0.7930212020874023
12.0,pw_rand_35_T12p0,0.19982028007507324,,0.7724828720092773
12.0,pw_rand_36_T12p0,0.602077841758728,,0.8547148704528809
12.0,pw_rand_37_T12p0,0.6240363121032715,,0.872797966003418
12.0,pw_rand_38_T12p0,0.16920940577983856,,1.7483017444610596
12.0,pw_rand_39_T12p0,0.23629911243915558,,0.7823750972747803
12.0,pw_rand_40_T12p0,0.6221609115600586,,0.7655842304229736
12.0,pw_rand_41_T12p0,0.30062389373779297,,0.7658400535583496
12.0,pw_rand_42_T12p0,0.3910481929779053,,0.8660609722137451
12.0,pw_rand_43_T12p0,0.45296403765678406,,0.8465240001678467
12.0,pw_rand_44_T12p0,0.3852105140686035,,0.8144640922546387
12.0,pw_rand_45_T12p0,0.6839174628257751,,0.8343501091003418
12.0,pw_rand_46_T12p0,0.7320229411125183,,0.7860500812530518
12.0,pw_rand_47_T12p0,0.45652297139167786,,0.7955069541931152
14.0,alpha_0.45_T14p0,0.8524056673049927,,0.9650070667266846
14.0,alpha_0.52_T14p0,0.856987714767456,,0.8600337505340576
14.0,alpha_0.6_T14p0,0.8585487008094788,,0.8929421901702881
14.0,alpha_0.7_T14p0,0.8555998206138611,,0.8925471305847168
14.0,alpha_0.85_T14p0,0.843019962310791,,0.9092752933502197
14.0,alpha_1.0_T14p0,0.8239520192146301,,0.8466489315032959
14.0,alpha_1.04_T14p0,0.8182392120361328,,0.8858640193939209
14.0,smooth_varY_-0.12_T14p0,0.7083991765975952,,0.8417601585388184
14.0,smooth_varY_-0.08_T14p0,0.7315858602523804,,0.8051340579986572
14.0,smooth_varY_-0.04_T14p0,0.742858350276947,,0.8097329139709473
14.0,smooth_varY_0.04_T14p0,0.7311577796936035,,0.767059326171875
14.0,smooth_varY_0.08_T14p0,0.708957314491272,,0.7942869663238525
14.0,smooth_varY_0.12_T14p0,0.6759741306304932,,0.8566539287567139
14.0,smooth_varY_0.16_T14p0,0.6322355270385742,,0.8047769069671631
14.0,pw_rand_0_T14p0,0.8373209238052368,,1.9500598907470703
14.0,pw_rand_1_T14p0,0.5124350786209106,,0.8472578525543213
14.0,pw_rand_2_T14p0,0.7454808950424194,,0.8099629878997803
14.0,pw_rand_3_T14p0,0.9079509377479553,,0.832115888595581
14.0,pw_rand_4_T14p0,0.8890776634216309,,0.7709228992462158
14.0,pw_rand_5_T14p0,0.9669816493988037,,0.8423411846160889
14.0,pw_rand_6_T14p0,0.5373915433883667,,0.8714847564697266
14.0,pw_rand_7_T14p0,0.7552388906478882,,0.7546539306640625
14.0,pw_rand_8_T14p0,0.5052704215049744,,0.800117015838623
14.0,pw_rand_9_T14p0,0.2199746072292328,,0.8488788604736328
14.0,pw_rand_10_T14p0,0.7885039448738098,,0.8210182189941406
14.0,pw_rand_11_T14p0,0.85212242603302,,0.8443498611450195
14.0,pw_rand_12_T14p0,0.7294303178787231,,0.8993551731109619
14.0,pw_rand_13_T14p0,0.6582695245742798,,0.7675988674163818
14.0,pw_rand_14_T14p0,0.7405702471733093,,0.7840099334716797
14.0,pw_rand_15_T14p0,0.4387861490249634,,0.8400068283081055
14.0,pw_rand_16_T14p0,0.7080766558647156,,0.8549349308013916
14.0,pw_rand_17_T14p0,0.3373430669307709,,0.8581030368804932
14.0,pw_rand_18_T14p0,0.6865712404251099,,0.7569580078125
14.0,pw_rand_19_T14p0,0.6265444755554199,,0.784696102142334
14.0,pw_rand_20_T14p0,0.7855832576751709,,0.8579220771789551
14.0,pw_rand_21_T14p0,0.8340420722961426,,0.8394730091094971
14.0,pw_rand_22_T14p0,0.6507234573364258,,0.8907701969146729
14.0,pw_rand_23_T14p0,0.8001513481140137,,0.837125301361084
14.0,pw_rand_24_T14p0,0.16178452968597412,,0.867527961730957
14.0,pw_rand_25_T14p0,0.8129008412361145,,0.8075399398803711
14.0,pw_rand_26_T14p0,0.7372280359268188,,0.7819359302520752
14.0,pw_rand_27_T14p0,0.7622729539871216,,2.0196151733398438
14.0,pw_rand_28_T14p0,0.2123899757862091,,0.7461121082305908
14.0,pw_rand_29_T14p0,0.11014348268508911,,0.9117100238800049
14.0,pw_rand_30_T14p0,0.8240152597427368,,0.9070992469787598
14.0,pw_rand_31_T14p0,0.8677805662155151,,0.8447592258453369
14.0,pw_rand_32_T14p0,0.8005015254020691,,0.907263994216919
14.0,pw_rand_33_T14p0,0.891177237033844,,0.8565011024475098
14.0,pw_rand_34_T14p0,0.8546262383460999,,0.8766679763793945
14.0,pw_rand_35_T14p0,0.9162628650665283,,0.8397128582000732
14.0,pw_rand_36_T14p0,0.9779077768325806,,0.8978121280670166
14.0,pw_rand_37_T14p0,0.7548882961273193,,0.8088228702545166
14.0,pw_rand_38_T14p0,0.6194190979003906,,0.785269021987915
14.0,pw_rand_39_T14p0,0.8613190650939941,,0.778576135635376
14.0,pw_rand_40_T14p0,0.6429125666618347,,0.7907028198242188
14.0,pw_rand_41_T14p0,0.6364994049072266,,0.8590641021728516
14.0,pw_rand_42_T14p0,0.9173674583435059,,0.7741420269012451
14.0,pw_rand_43_T14p0,0.37332165241241455,,0.7567441463470459
14.0,pw_rand_44_T14p0,0.8865454196929932,,0.7856738567352295
14.0,pw_rand_45_T14p0,0.9789564609527588,,0.8104190826416016
14.0,pw_rand_46_T14p0,0.8391472101211548,,0.815561056137085
14.0,pw_rand_47_T14p0,0.8442198038101196,,0.8464910984039307
16.0,alpha_0.45_T16p0,0.738429844379425,,0.909783124923706
16.0,alpha_0.52_T16p0,0.7668350338935852,,0.9092578887939453
16.0,alpha_0.6_T16p0,0.7967280745506287,,0.9421560764312744
16.0,alpha_0.7_T16p0,0.8296563625335693,,0.8530170917510986
16.0,alpha_0.85_T16p0,0.8685497045516968,,0.8811562061309814
16.0,alpha_1.0_T16p0,0.8936153650283813,,0.8834228515625
16.0,alpha_1.04_T16p0,0.8978679180145264,,0.918856143951416
16.0,smooth_varY_-0.12_T16p0,0.5244747400283813,,0.8154387474060059
16.0,smooth_varY_-0.08_T16p0,0.5248364210128784,,0.8145558834075928
16.0,smooth_varY_-0.04_T16p0,0.5275964140892029,,2.144486904144287
16.0,smooth_varY_0.04_T16p0,0.5348901152610779,,0.8392031192779541
16.0,smooth_varY_0.08_T16p0,0.5406437516212463,,0.7570209503173828
16.0,smooth_varY_0.12_T16p0,0.5511418581008911,,0.8384239673614502
16.0,smooth_varY_0.16_T16p0,0.5702574253082275,,0.7884221076965332
16.0,pw_rand_0_T16p0,0.7639708518981934,,0.757267951965332
16.0,pw_rand_1_T16p0,0.6752496957778931,,0.7878940105438232
16.0,pw_rand_2_T16p0,0.8284423351287842,,0.7381670475006104
16.0,pw_rand_3_T16p0,0.670127272605896,,0.813438892364502
16.0,pw_rand_4_T16p0,0.9502832889556885,,0.8092441558837891
16.0,pw_rand_5_T16p0,0.8984698057174683,,0.7774658203125
16.0,pw_rand_6_T16p0,0.2877158522605896,,0.8210501670837402
16.0,pw_rand_7_T16p0,0.8018885254859924,,0.7913548946380615
16.0,pw_rand_8_T16p0,0.9242711663246155,,0.8069450855255127
16.0,pw_rand_9_T16p0,0.4329594671726227,,0.8508350849151611
16.0,pw_rand_10_T16p0,0.9536306858062744,,0.8545031547546387
16.0,pw_rand_11_T16p0,0.8866921663284302,,0.8265368938446045
16.0,pw_rand_12_T16p0,0.6973258852958679,,0.8082642555236816
16.0,pw_rand_13_T16p0,0.8413811326026917,,0.8349618911743164
16.0,pw_rand_14_T16p0,0.840815544128418,,0.7589671611785889
16.0,pw_rand_15_T16p0,0.7770487070083618,,0.7491199970245361
16.0,pw_rand_16_T16p0,0.29355961084365845,,0.8636889457702637
16.0,pw_rand_17_T16p0,0.6793678998947144,,0.8497607707977295
16.0,pw_rand_18_T16p0,0.7852354049682617,,0.822882890701294
16.0,pw_rand_19_T16p0,0.3556906580924988,,0.700873851776123
16.0,pw_rand_20_T16p0,0.6495980024337769,,0.7506120204925537
16.0,pw_rand_21_T16p0,0.45484423637390137,,0.8256840705871582
16.0,pw_rand_22_T16p0,0.6094810962677002,,0.7892208099365234
16.0,pw_rand_23_T16p0,0.7622302770614624,,0.7953939437866211
16.0,pw_rand_24_T16p0,0.8338191509246826,,0.8080267906188965
16.0,pw_rand_25_T16p0,0.7415233850479126,,0.772507905960083
16.0,pw_rand_26_T16p0,0.8666291236877441,,0.7807009220123291
16.0,pw_rand_27_T16p0,0.9050493240356445,,0.8067889213562012
16.0,pw_rand_28_T16p0,0.6007183790206909,,0.7445321083068848
16.0,pw_rand_29_T16p0,0.8584762215614319,,0.7864258289337158
16.0,pw_rand_30_T16p0,0.8932309746742249,,2.222749948501587
16.0,pw_rand_31_T16p0,0.6122084856033325,,0.8355281352996826
16.0,pw_rand_32_T16p0,0.6376872658729553,,0.8019757270812988
16.0,pw_rand_33_T16p0,0.33534255623817444,,0.8165919780731201
16.0,pw_rand_34_T16p0,0.9413424730300903,,0.7596478462219238
16.0,pw_rand_35_T16p0,0.7757242918014526,,0.787571907043457
16.0,pw_rand_36_T16p0,0.6980373859405518,,0.7664148807525635
16.0,pw_rand_37_T16p0,0.8466644287109375,,0.8573808670043945
16.0,pw_rand_38_T16p0,0.42572087049484253,,0.8079791069030762
16.0,pw_rand_39_T16p0,0.8401821851730347,,0.8221161365509033
16.0,pw_rand_40_T16p0,0.785905122756958,,0.7705469131469727
16.0,pw_rand_41_T16p0,0.4308944344520569,,0.8717482089996338
16.0,pw_rand_42_T16p0,0.9035907983779907,,0.8802080154418945
16.0,pw_rand_43_T16p0,0.7487637996673584,,0.7481181621551514
16.0,pw_rand_44_T16p0,0.8793565034866333,,0.8243649005889893
16.0,pw_rand_45_T16p0,0.8642226457595825,,0.8147680759429932
16.0,pw_rand_46_T16p0,0.5752979516983032,,0.7908830642700195
16.0,pw_rand_47_T16p0,0.9116171598434448,,0.8263828754425049
18.0,alpha_0.45_T18p0,0.9050313234329224,,0.8578081130981445
18.0,alpha_0.52_T18p0,0.9131516218185425,,0.916398286819458
18.0,alpha_0.6_T18p0,0.9226510524749756,,0.8934438228607178
18.0,alpha_0.7_T18p0,0.9344001412391663,,0.8918099403381348
18.0,alpha_0.85_T18p0,0.950664758682251,,0.9265680313110352
18.0,alpha_1.0_T18p0,0.964096188545227,,0.9234039783477783
18.0,alpha_1.04_T18p0,0.967087984085083,,0.907412052154541
18.0,smooth_varY_-0.12_T18p0,0.870679497718811,,0.7850749492645264
18.0,smooth_varY_-0.08_T18p0,0.8636568784713745,,0.8207871913909912
18.0,smooth_varY_-0.04_T18p0,0.863717257976532,,0.8311102390289307
18.0,smooth_varY_0.04_T18p0,0.8846452236175537,,0.8216001987457275
18.0,smooth_varY_0.08_T18p0,0.9036257266998291,,0.8246240615844727
18.0,smooth_varY_0.12_T18p0,0.9256190061569214,,0.8675260543823242
18.0,smooth_varY_0.16_T18p0,0.9471536874771118,,0.8478384017944336
18.0,pw_rand_0_T18p0,0.7120585441589355,,0.8281269073486328
18.0,pw_rand_1_T18p0,0.7068082094192505,,0.8384160995483398
18.0,pw_rand_2_T18p0,0.49357399344444275,,0.8779652118682861
18.0,pw_rand_3_T18p0,0.5589534044265747,,0.8421781063079834
18.0,pw_rand_4_T18p0,0.5693718194961548,,0.8251497745513916
18.0,pw_rand_5_T18p0,0.7200123071670532,,2.602173328399658
18.0,pw_rand_6_T18p0,0.5813217163085938,,0.8031249046325684
18.0,pw_rand_7_T18p0,0.626128077507019,,0.7931919097900391
18.0,pw_rand_8_T18p0,0.7017739415168762,,0.8540170192718506
18.0,pw_rand_9_T18p0,0.8096998929977417,,0.847754955291748
18.0,pw_rand_10_T18p0,0.9754510521888733,,0.8213329315185547
18.0,pw_rand_11_T18p0,0.7371881604194641,,0.9102828502655029
18.0,pw_rand_12_T18p0,0.6814504265785217,,0.8624489307403564
18.0,pw_rand_13_T18p0,0.9100837707519531,,0.8392269611358643
18.0,pw_rand_14_T18p0,0.7516155242919922,,0.8302299976348877
18.0,pw_rand_15_T18p0,0.7966698408126831,,0.8924441337585449
18.0,pw_rand_16_T18p0,0.9342765212059021,,0.8645498752593994
18.0,pw_rand_17_T18p0,0.5579593777656555,,0.9130411148071289
18.0,pw_rand_18_T18p0,0.5699002146720886,,0.8265671730041504
18.0,pw_rand_19_T18p0,0.9487366676330566,,0.882673978805542
18.0,pw_rand_20_T18p0,0.7671078443527222,,0.8633418083190918
18.0,pw_rand_21_T18p0,0.8688695430755615,,0.8776540756225586
18.0,pw_rand_22_T18p0,0.6459566354751587,,0.8784079551696777
18.0,pw_rand_23_T18p0,0.5525658130645752,,0.8747448921203613
18.0,pw_rand_24_T18p0,0.7748371362686157,,0.7873861789703369
18.0,pw_rand_25_T18p0,0.4288328289985657,,0.8082060813903809
18.0,pw_rand_26_T18p0,0.8157579898834229,,0.9204871654510498
18.0,pw_rand_27_T18p0,0.5713354349136353,,0.928948163986206
18.0,pw_rand_28_T18p0,0.7129178047180176,,0.9169180393218994
18.0,pw_rand_29_T18p0,0.5991379618644714,,0.9200968742370605
18.0,pw_rand_30_T18p0,0.7866649031639099,,0.8632512092590332
18.0,pw_rand_31_T18p0,0.6822328567504883,,0.8410201072692871
18.0,pw_rand_32_T18p0,0.8748035430908203,,0.8298850059509277
18.0,pw_rand_33_T18p0,0.857810378074646,,0.965203046798706
18.0,pw_rand_34_T18p0,0.7304692268371582,,0.8533928394317627
18.0,pw_rand_35_T18p0,0.6593079566955566,,0.8328342437744141
18.0,pw_rand_36_T18p0,0.8968225717544556,,0.8691198825836182
18.0,pw_rand_37_T18p0,0.831780731678009,,0.8646540641784668
18.0,pw_rand_38_T18p0,0.9852371215820312,,0.8639018535614014
18.0,pw_rand_39_T18p0,0.8901592493057251,,0.8426599502563477
18.0,pw_rand_40_T18p0,0.6515612602233887,,0.9036159515380859
18.0,pw_rand_41_T18p0,0.5393551588058472,,0.875128984451294
18.0,pw_rand_42_T18p0,0.7088189125061035,,0.8119029998779297
18.0,pw_rand_43_T18p0,0.469685435295105,,0.834312915802002
18.0,pw_rand_44_T18p0,0.7692168354988098,,0.85270094871521
18.0,pw_rand_45_T18p0,0.7395080327987671,,0.8776750564575195
18.0,pw_rand_46_T18p0,0.5195196866989136,,0.8521971702575684
18.0,pw_rand_47_T18p0,0.9334279298782349,,0.9156191349029541
20.0,alpha_0.45_T20p0,0.9814660549163818,,0.8652610778808594
20.0,alpha_0.52_T20p0,0.9818295240402222,,0.954927921295166
20.0,alpha_0.6_T20p0,0.9814014434814453,,0.9295310974121094
20.0,alpha_0.7_T20p0,0.9796919822692871,,0.997448205947876
20.0,alpha_0.85_T20p0,0.974853515625,,0.9893779754638672
20.0,alpha_1.0_T20p0,0.9674056768417358,,0.9556050300598145
20.0,alpha_1.04_T20p0,0.9649802446365356,,1.070317029953003
20.0,smooth_varY_-0.12_T20p0,0.9647459387779236,,0.9006857872009277
20.0,smooth_varY_-0.08_T20p0,0.9651902914047241,,0.8510427474975586
20.0,smooth_varY_-0.04_T20p0,0.9633684754371643,,0.8465061187744141
20.0,smooth_varY_0.04_T20p0,0.949047327041626,,0.8539531230926514
20.0,smooth_varY_0.08_T20p0,0.933125376701355,,0.8387110233306885
20.0,smooth_varY_0.12_T20p0,0.9086993932723999,,0.8651289939880371
20.0,smooth_varY_0.16_T20p0,0.8743438720703125,,0.8231561183929443
20.0,pw_rand_0_T20p0,0.6251236200332642,,0.9245419502258301
20.0,pw_rand_1_T20p0,0.43883633613586426,,0.8347768783569336
20.0,pw_rand_2_T20p0,0.6729508638381958,,0.9567270278930664
20.0,pw_rand_3_T20p0,0.9130491018295288,,0.945436954498291
20.0,pw_rand_4_T20p0,0.5196914076805115,,0.8450288772583008
20.0,pw_rand_5_T20p0,0.8193278312683105,,0.9039139747619629
20.0,pw_rand_6_T20p0,0.9660259485244751,,0.8886449337005615
20.0,pw_rand_7_T20p0,0.7677257061004639,,0.9068551063537598
20.0,pw_rand_8_T20p0,0.8985745906829834,,0.8706622123718262
20.0,pw_rand_9_T20p0,0.6643278002738953,,0.9418208599090576
20.0,pw_rand_10_T20p0,0.6783634424209595,,0.9291989803314209
20.0,pw_rand_11_T20p0,0.41091978549957275,,0.9188039302825928
20.0,pw_rand_12_T20p0,0.8600034117698669,,0.8350813388824463
20.0,pw_rand_13_T20p0,0.8747659921646118,,0.8960802555084229
20.0,pw_rand_14_T20p0,0.5355920791625977,,0.8143706321716309
20.0,pw_rand_15_T20p0,0.8136847615242004,,0.9783408641815186
20.0,pw_rand_16_T20p0,0.764502763748169,,0.8766639232635498
20.0,pw_rand_17_T20p0,0.6921336650848389,,0.9296779632568359
20.0,pw_rand_18_T20p0,0.8017827272415161,,0.8751060962677002
20.0,pw_rand_19_T20p0,0.7675682306289673,,0.9306948184967041
20.0,pw_rand_20_T20p0,0.7024136781692505,,0.8545689582824707
20.0,pw_rand_21_T20p0,0.519824206829071,,0.9010062217712402
20.0,pw_rand_22_T20p0,0.7059894800186157,,0.8881320953369141
20.0,pw_rand_23_T20p0,0.6519970893859863,,0.8925380706787109
20.0,pw_rand_24_T20p0,0.256477415561676,,0.8764848709106445
20.0,pw_rand_25_T20p0,0.831761360168457,,0.9124510288238525
20.0,pw_rand_26_T20p0,0.41261571645736694,,0.8377101421356201
20.0,pw_rand_27_T20p0,0.6325067281723022,,0.8474581241607666
20.0,pw_rand_28_T20p0,0.6359453201293945,,0.9097909927368164
20.0,pw_rand_29_T20p0,0.8323461413383484,,0.8445661067962646
20.0,pw_rand_30_T20p0,0.7896603941917419,,0.8438689708709717
20.0,pw_rand_31_T20p0,0.979256272315979,,0.8850407600402832
20.0,pw_rand_32_T20p0,0.8907796740531921,,3.1166961193084717
20.0,pw_rand_33_T20p0,0.8771186470985413,,0.7555439472198486
20.0,pw_rand_34_T20p0,0.9796711206436157,,0.7723546028137207
20.0,pw_rand_35_T20p0,0.8997474312782288,,0.8547868728637695
20.0,pw_rand_36_T20p0,0.6479687690734863,,0.8085329532623291
20.0,pw_rand_37_T20p0,0.6189343929290771,,0.8884501457214355
20.0,pw_rand_38_T20p0,0.9332854747772217,,0.7685549259185791
20.0,pw_rand_39_T20p0,0.8143979907035828,,0.7957417964935303
20.0,pw_rand_40_T20p0,0.35785025358200073,,0.8477132320404053
20.0,pw_rand_41_T20p0,0.509739339351654,,0.8845157623291016
20.0,pw_rand_42_T20p0,0.7072510719299316,,0.8635852336883545
20.0,pw_rand_43_T20p0,0.6487614512443542,,0.892676830291748
20.0,pw_rand_44_T20p0,0.8317478895187378,,0.8280889987945557
20.0,pw_rand_45_T20p0,0.7909486293792725,,0.8603262901306152
20.0,pw_rand_46_T20p0,0.796017050743103,,0.8280410766601562
20.0,pw_rand_47_T20p0,0.9704641699790955,,0.8781721591949463
